{"MRK 0335": [0.025785, 6.3e-05, "1999ApJS..121..287H"], "PG 0026+129": [0.14, 0.0, "2017A&A...597A..51V"], "MRK 1044": [0.016451, 3.7e-05, "1991RC3.9.C...0000d"], "MRK 0382": [0.03316471, 4.524634e-05, "2016SDSSD.C...0000:"], "PG 0844+349": [0.064, 0.0, "2018A&A...611A..59P"], "MRK 0110": [0.0352910012, 1.99999995e-05, "1996AJ....111..696K"], "MRK 0142": [0.04458556, 2.4424211e-05, "2016SDSSD.C...0000:"], "NGC 4051": [0.00233600009, 3.99999999e-06, "2001A&A...370..765V"], "PG 1211+143": [0.0809, 0.0005, "2013MNRAS.435.1233G"], "MRK 0202": [0.023108274, 2.4900763e-05, "2016SDSSD.C...0000:"], "WAS 61": [0.0435284, 2.1526432e-05, "2016SDSSD.C...0000:"], "MRK 0486": [0.038934, 9.3e-05, "1991RC3.9.C...0000d"], "UGC 10120": [0.031485, 1.7e-05, "1991RC3.9.C...0000d"], "[HB89] 1700+518": [0.289, 0.003, "2016AJ....152...25M"], "UGC 11763": [0.063294, 7e-06, "2005ApJS..160..149S"], "NGC 7469": [0.016268, 7e-06, "2005ApJS..160..149S"]}